<?xml version="1.0" encoding="UTF-8"?>
<!DOCTYPE mapper
  PUBLIC "-//mybatis.org//DTD Mapper 3.0//EN"
  "http://mybatis.org/dtd/mybatis-3-mapper.dtd">
  
<mapper namespace="com.sist.dao.board-mapper">
	<resultMap type="Board" id="codeBeanResult">
		<result property="no" column="no"/>
		<result property="subject" column="subject"/>
		<result property="name" column="name"/>
		<result property="regdate" column="regdate"/>
		<result property="hit" column="hit"/>
		<result property="content" column="content"/>
	</resultMap>
	
	<parameterMap type="hashmap" id="listDataMap">
		<parameter property="pStart" mode="IN" 
				jdbcType="INTEGER" javaType="java.lang.Integer"/>
		<parameter property="pEnd" mode="IN" 
				jdbcType="INTEGER" javaType="java.lang.Integer"/>
		<parameter property="pResult" mode="OUT" 
				jdbcType="CURSOR" resultMap="codeBeanResult"/>								
	</parameterMap>
	<select id="boardListData" statementType="CALLABLE" 
			parameterMap="listDataMap">
			{call boardListData(?,?,?)}
	</select>
	
	<parameterMap type="hashmap" id="totalPage">
		<parameter property="pNumber" mode="OUT"
		 javaType="java.lang.Integer" jdbcType="INTEGER"/>
	</parameterMap>
	<select id="boardTotalPage" statementType="CALLABLE"
	     parameterMap="totalPage">
	     {call boardTotalPage(?)}
	</select>
	
	
	<parameterMap type="hashmap" id="ContentDataMap">
		<parameter property="pNo" mode="IN" 
			javaType="java.lang.Integer"/>
		<parameter property="pResult" mode="OUT" 
			jdbcType="CURSOR" resultMap="codeBeanResult"/>		
	</parameterMap>
	<select id="boardContentData" parameterMap="ContentDataMap"
			statementType="CALLABLE">
		{call boardContentData(?,?)}
	</select>
	
	
	<parameterMap type="hashmap" id="InsertMap">
		<parameter property="pName" mode="IN" 
			javaType="string" jdbcType="VARCHAR"/>
		<parameter property="pSub" mode="IN"
			javaType="string" jdbcType="VARCHAR"/>
		<parameter property="pCont" mode="IN"
			javaType="string" jdbcType="VARCHAR"/>	
		<parameter property="pPwd" mode="IN"
			javaType="string" jdbcType="VARCHAR"/>							
	</parameterMap>
	<select id="boardInsert" parameterMap="InsertMap" 
				statementType="CALLABLE">
		{call boardInsert(?,?,?,?)}		
	</select>
	
	<parameterMap type="hashmap" id="DeleteMap">
		<parameter property="pNo" mode="IN"
			javaType="java.lang.Integer" jdbcType="INTEGER"/>
		<parameter property="pPwd" mode="IN"
			javaType="string" jdbcType="VARCHAR"/>
		<parameter property="pResult" mode="OUT"
		    javaType="string" jdbcType="VARCHAR"/>		
	</parameterMap>
	<select id="boardDelete" parameterMap="DeleteMap" 
		statementType="CALLABLE">
		{call boardDelete(?,?,?)}
	</select>

</mapper>  












  