<?xml version="1.0" encoding="UTF-8"?>
<!DOCTYPE tiles-definitions PUBLIC
       "-//Apache Software Foundation//DTD Tiles Configuration 2.0//EN"
       "http://tiles.apache.org/dtds/tiles-config_2_0.dtd">
<tiles-definitions>
	<definition name="main" template="/WEB-INF/tiles/main.jsp">
		<put-attribute name="header" value="/WEB-INF/tiles/header.jsp"></put-attribute>
		<put-attribute name="nav" value="/WEB-INF/tiles/nav.jsp"></put-attribute>
		<put-attribute name="body" value="/WEB-INF/tiles/body.jsp"></put-attribute>
		<put-attribute name="footer" value="/WEB-INF/tiles/footer.jsp"></put-attribute>
	</definition>
	<definition name="*/*" extends="main">
		<put-attribute name="body" value="/WEB-INF/{1}/{2}.jsp"></put-attribute>
	</definition>
	<definition name="*/*/*" extends="main">
		<put-attribute name="body" value="/WEB-INF/{1}/{2}/{3}.jsp"></put-attribute>
	</definition>	
	
<!-- 	<definition name="board/list" extends="main">
		<put-attribute name="body" value="/WEB-INF/board/list.jsp"></put-attribute>
	</definition>
	<definition name="notice/list" extends="main">
		<put-attribute name="body" value="/WEB-INF/notice/list.jsp"></put-attribute>
	</definition>
	<definition name="member/join" extends="main">
		<put-attribute name="body" value="/WEB-INF/member/join.jsp"></put-attribute>
	</definition>		 -->
</tiles-definitions>     






















  