<?xml version="1.0" encoding="UTF-8"?>
<!DOCTYPE mapper
  PUBLIC "-//mybatis.org//DTD Mapper 3.0//EN"
  "http://mybatis.org/dtd/mybatis-3-mapper.dtd">
  
<mapper namespace="com.sist.dao.board-mapper">
	<resultMap type="Board" id="codeBeanResult">
		<result property="no" column="no"/>
		<result property="subject" column="subject"/>
		<result property="name" column="name"/>
		<result property="regdate" column="regdate"/>
		<result property="hit" column="hit"/>
		<result property="content" column="content"/>
	</resultMap>
	
	<parameterMap type="hashmap" id="listDataMap">
		<parameter property="pStart" mode="IN" 
				jdbcType="INTEGER" javaType="java.lang.Integer"/>
		<parameter property="pEnd" mode="IN" 
				jdbcType="INTEGER" javaType="java.lang.Integer"/>
		<parameter property="pResult" mode="OUT" 
				jdbcType="CURSOR" resultMap="codeBeanResult"/>								
	</parameterMap>
	<select id="boardListData" statementType="CALLABLE" 
			parameterMap="listDataMap">
			{call boardListData(?,?,?)}
	</select>
	
	<parameterMap type="hashmap" id="totalPage">
		<parameter property="pNumber" mode="OUT"
		 javaType="java.lang.Integer" jdbcType="INTEGER"/>
	</parameterMap>
	<select id="boardTotalPage" statementType="CALLABLE"
	     parameterMap="totalPage">
	     {call boardTotalPage(?)}
	</select>

</mapper>  












  