<?xml version="1.0" encoding="UTF-8"?>
<beans xmlns="http://www.springframework.org/schema/beans"
	xmlns:xsi="http://www.w3.org/2001/XMLSchema-instance"
	xmlns:context="http://www.springframework.org/schema/context"
	xmlns:p="http://www.springframework.org/schema/p"
	xmlns:tx="http://www.springframework.org/schema/tx"
	xmlns:util="http://www.springframework.org/schema/util"
	xsi:schemaLocation="http://www.springframework.org/schema/beans http://www.springframework.org/schema/beans/spring-beans.xsd
		http://www.springframework.org/schema/context http://www.springframework.org/schema/context/spring-context-4.3.xsd
		http://www.springframework.org/schema/tx http://www.springframework.org/schema/tx/spring-tx-4.3.xsd
		http://www.springframework.org/schema/util http://www.springframework.org/schema/util/spring-util-4.3.xsd">

	<context:annotation-config/>	<!-- Injection -->
	<context:component-scan base-package="com.sist.*"/>
	<util:properties id="db" location="/WEB-INF/config/db.properties"/>
	<!--Database 
		1.DataSource 정보
		2.MyBatis,JDBC 정보
		3.DAO전송
	 -->
	<bean id="ds"
		class="org.apache.commons.dbcp.BasicDataSource"
		p:driverClassName="#{db['driver']}"
		p:url="#{db['url']}"
		p:username="#{db['username']}"
		p:password="#{db['password']}"
		p:maxActive="#{db['maxActive']}"
		p:maxIdle="#{db['maxIdle']}"
		p:maxWait="#{db['maxWait']}"
	/>
	<bean id="ssf"
		class="org.mybatis.spring.SqlSessionFactoryBean"
		p:dataSource-ref="ds"
	/>
	<bean id="mapper"
		class="org.mybatis.spring.mapper.MapperFactoryBean"
		p:sqlSessionFactory-ref="ssf"
		p:mapperInterface="com.sist.dao.DataBoardMapper"
	/>
	<!-- ViewResolver 설정 -->
	<bean id="viewResolver"
		class="org.springframework.web.servlet.view.InternalResourceViewResolver"
		p:prefix="/"
		p:suffix=".jsp"
	/>
	<!-- 파일 업로드 담당 빈 -->
	<bean id="multipartResolver"
		class="org.springframework.web.multipart.commons.CommonsMultipartResolver"
	/>
</beans>













