<?xml version="1.0" encoding="UTF-8"?>
<beans xmlns="http://www.springframework.org/schema/beans"
	xmlns:xsi="http://www.w3.org/2001/XMLSchema-instance"
	xmlns:context="http://www.springframework.org/schema/context"
	xmlns:p="http://www.springframework.org/schema/p"
	xmlns:tx="http://www.springframework.org/schema/tx"
	xmlns:util="http://www.springframework.org/schema/util"
	xsi:schemaLocation="http://www.springframework.org/schema/beans http://www.springframework.org/schema/beans/spring-beans.xsd
		http://www.springframework.org/schema/context http://www.springframework.org/schema/context/spring-context-4.2.xsd
		http://www.springframework.org/schema/tx http://www.springframework.org/schema/tx/spring-tx-4.2.xsd
		http://www.springframework.org/schema/util http://www.springframework.org/schema/util/spring-util-4.2.xsd">
	<util:properties id="db" location="/WEB-INF/config/db.properties"/>
	<context:annotation-config/>
	<context:component-scan base-package="com.sist.*"/>
	<bean id="viewResolver"
		class="org.springframework.web.servlet.view.UrlBasedViewResolver"
		p:requestContextAttribute="requestContext"
		p:viewClass="org.springframework.web.servlet.view.tiles2.TilesView"
	/>
	<bean id="tilesConfigurer"
		class="org.springframework.web.servlet.view.tiles2.TilesConfigurer"
		p:definitions="/WEB-INF/tiles.xml"
	/>
	
	<!-- 
		DataBase
		1.DataSource 정보입력
		2.Mybatis,JDBC 전송
		3.DAO에 전송
	 -->
	 <bean id="ds"
	 	  class="org.apache.commons.dbcp.BasicDataSource"
	 	  p:driverClassName="#{db['driver']}"
	 	  p:url="#{db['url']}"
	 	  p:username="#{db['username']}"
	 	  p:password="#{db['password']}"
	 	  p:maxActive="#{db['maxActive']}"
	 	  p:maxIdle="#{db['maxIdle']}"
	 	  p:maxWait="#{db['maxWait']}"	 
	 />

	<bean id="ssf"
		class="org.mybatis.spring.SqlSessionFactoryBean"
		p:dataSource-ref="ds"
	/>
	
	<bean id="mapper"
		class="org.mybatis.spring.mapper.MapperFactoryBean"
		p:sqlSessionFactory-ref="ssf"
		p:mapperInterface="com.sist.dao.DataBoardMapper"
	/>
	
	<bean id="multipartResolver"
		class="org.springframework.web.multipart.commons.CommonsMultipartResolver"
	/>
</beans>


























