<?xml version="1.0" encoding="UTF-8"?>
<!DOCTYPE mapper
  PUBLIC "-//mybatis.org//DTD Mapper 3.0//EN"
  "http://mybatis.org/dtd/mybatis-3-mapper.dtd">
<mapper namespace="com.sist.dao.emp-mapper">
	<resultMap type="EmpVO" id="empList">
		<result property="empno" column="empno"/>
		<result property="ename" column="ename"/>
		<result property="job" column="job"/>
		<result property="hiredate" column="hiredate"/>
		<result property="sal" column="sal"/>
		<result property="dvo.dname" column="dname"/>
		<result property="dvo.loc" column="loc"/>
		<result property="svo.grade" column="grade"/>		
	</resultMap>
	<select id="empAllData" resultMap="empList">
		SELECT empno,ename,job,hiredate,sal,dname,loc,grade 
		FROM emp,dept,salgrade
		WHERE emp.deptno=dept.deptno
		AND sal BETWEEN losal AND hisal	
	</select>
</mapper>  






















