<?xml version="1.0" encoding="UTF-8"?>
<!DOCTYPE mapper
  PUBLIC "-//mybatis.org//DTD Mapper 3.0//EN"
  "http://mybatis.org/dtd/mybatis-3-mapper.dtd">
  
<mapper namespace="com.board.dao.board_mapper">

<!-- 게시판 목록조회 -->
<select id="boardListData" resultType="Board" parameterType="java.util.Map">
SELECT b_no, b_id, b_title, dbday, b_hit, b_delete, num
	FROM (SELECT b_no, b_id, b_title, TO_char(b_date,'YYYY-MM-DD') as dbday, b_hit, b_delete, rownum as num 
	FROM (SELECT b_no, b_id, b_title, b_date, b_hit, b_delete
	FROM ReBoard ORDER BY b_no DESC))
	WHERE b_delete='n' AND num BETWEEN #{start} AND #{end}
</select>

<!-- 총페이지 -->
<select id="boardRowCount" resultType="int">
	SELECT COUNT(*) FROM ReBoard WHERE b_delete='n'
</select>

<!-- 반복 수행  -->
<sql id="where-b_no">
	WHERE b_no=#{b_no}
</sql>

<!-- 댓글형 게시판 -->
<!-- 댓글 개수 -->
<select id="boardReplyCount" resultType="int" parameterType="int">
	SELECT COUNT(*) FROM re_board WHERE rw_delete='n' AND rw_bno=#{rw_bno}
</select>

<!-- 상세보기 -->
<!-- 조회수 증가 -->
<update id="boardHitIncrement" parameterType="int">
	UPDATE ReBoard SET b_hit=b_hit+1
	<include refid="where-b_no"/>
</update>
<!-- 내용보기 -->
<select id="boardContentData" resultType="Board" parameterType="int">
	SELECT b_no,b_id,b_title,b_date,b_hit,b_content
	FROM ReBoard
	<include refid="where-b_no"/>
</select>

</mapper>  



















