﻿[
	{
	  "id":0,
	  "title":"쇼생크 탈출",
	  "director":"프랭크 다라본트"
	  "year":1995,
	  "synoysis":"두려움은 너를 죄수로 가두고 희망은 너를 자유롭게 하리라
촉망 받던 은행 부지점장 ‘앤디(팀 로빈슨 分)’는 아내와 그 애인을 살해한 혐의로 종신형을 받고 쇼생크 교도소에 수감된다. 
 강력범들이 수감된 이곳에서 재소자들은 짐승 취급 당하고, 혹여 간수 눈에 잘못 보였다가는 개죽음 당하기 십상이다."

	},
	{
	  "id":1,
	  "title":"터미네이터 2",
	  "director":"제임스 카메론"
	  "year":1991,
	  "synoysis":"인간과 기계의 대전쟁.. 그를 지키지 않으면 미래 또한 없다!
미래, 인류와 기계의 전쟁은 계속 되는 가운데 스카이넷은 인류 저항군 사령관 존 코너를 없애기 위해 액체 금속형 로봇인 T-1000(로버트 패트릭)을 과거의 어린 존 코너에게로 보낸다. 형태의 변신과 자가 치유까지 가능한 T-1000에 대항하고 존 코너를 지키기 위해 인류 저항군은 T-101 (아놀드 슈왈제네거)을 과거로 급파한다. 미래의 인류 운명을 쥔 어린 존 코너, 그를 구해내지 않으면 인류의 미래는 없다. 반드시 제거해야 하는 스카이넷의 T-1000은 거침없이 존 코너 일행을 위협하며 숨가쁜 추격을 시작하는데..."
	},
	{
	  "id":2,
	  "title":"매트릭스",
	  "director":"릴리 워쇼스키"
	  "year":1999,
	  "synoysis":"서기 2199년,
인공지능 AI에 의해 인류가 재배되고 있다!
인간의 기억마저 AI에 의해 입력되고 삭제 되는 세상.진짜보다 더 진짜 같은 가상 현실 ‘매트릭스’ 
 그 속에서 진정한 현실을 인식할 수 없게 재배되는 인간들. 
 그 ‘매트릭스’를 빠져 나오면서 AI에게 가장 위험한 인물이 된 
 '모피어스’는 자신과 함께 인류를 구할 마지막 영웅 ‘그’를 찾아 헤맨다. "
	}





]