<?xml version="1.0" encoding="UTF-8"?>
<!DOCTYPE mapper
  PUBLIC "-//mybatis.org//DTD Mapper 3.0//EN"
  "http://mybatis.org/dtd/mybatis-3-mapper.dtd">
  
<mapper namespace="com.sist.dao.databoard-mapper">
	<!-- 목록 읽기 -->
	<select id="databoardListData" resultType="DataBoard" parameterType="java.util.Map">
		SELECT no,subject,name,regdate,hit,num
		FROM (SELECT no,subject,name,regdate,hit,rownum as num
		FROM (SELECT no,subject,name,regdate,hit
		FROM databoard ORDER BY no DESC))
		WHERE num BETWEEN #{start} AND #{end}
	</select>
	
	<!-- 
	public static DataBoardVO databoardContentData(int no)
		resultType : return형
		parameterType : 매개변수
	 -->
	 <!-- sql 태그는 중복을 제거 -->
	 <sql id="where-no">
	 	WHERE no=#{no}
	 </sql>
	 
	 <update id="hitIncrement" parameterType="int">
	 	UPDATE databoard SET
	 	hit=hit+1
	 	<include refid="where-no"/>
	 </update>
	 
	 <select id="databoardContentData" resultType="DataBoard" parameterType="int">
		 SELECT no,name,subject,content,regdate,hit,filename,filesize
		 FROM databoard
		 <include refid="where-no"/>
	 </select>
</mapper>













  