<?xml version="1.0" encoding="UTF-8"?>
<beans xmlns="http://www.springframework.org/schema/beans"
	xmlns:xsi="http://www.w3.org/2001/XMLSchema-instance"
	xmlns:aop="http://www.springframework.org/schema/aop"
	xmlns:context="http://www.springframework.org/schema/context"
	xmlns:p="http://www.springframework.org/schema/p"
	xsi:schemaLocation="http://www.springframework.org/schema/beans http://www.springframework.org/schema/beans/spring-beans.xsd
		http://www.springframework.org/schema/aop http://www.springframework.org/schema/aop/spring-aop-4.2.xsd
		http://www.springframework.org/schema/context http://www.springframework.org/schema/context/spring-context-4.2.xsd">
	<bean id="db" class="com.sist.dao.DBConnection"
		 p:url="jdbc:oracle:thin:@211.238.142.212:1521:ORCL"
		 p:username="scott"
		 p:password="tiger"
	>		 
		 <constructor-arg>
		 	<value>oracle.jdbc.driver.OracleDriver</value>
		 </constructor-arg>	
	</bean>
	
	<bean id="aspect"
		class="com.sist.aspect.DBAspect"
		p:dbCon-ref="db"
	/>
	
	<bean id="dao"
		class="com.sist.dao.EmpDAO"
		p:dbCon-ref="db"
	/>
	
	<!-- AOP 적용 -->
	<aop:config>
		<aop:aspect ref="aspect">
			<aop:before method="getConnection"
			pointcut="execution(* com.sist.dao.EmpDAO.*(..))"/>
			<aop:after method="disConnection"
			pointcut="execution(* com.sist.dao.EmpDAO.*(..))"/>
		</aop:aspect>
	</aop:config>
</beans>



















